{"metadata":{"asset_id":"8dcfea91-e929-4dd0-91d0-6f72508c8128","asset_attributes":["data_asset","location_definition"],"name":"DATA_Barcelona_Fotocasa_HousingPrices_Augmented_CLEANED.csv","asset_type":"data_asset","created_at":"2025-02-08T15:18:53Z","origin_country":"us","owner_id":"IBMid-694000QBBC","project_id":"562facb6-fac5-4a1e-bfc6-b998710caca8","size":679632,"usage":{"last_update_time":1739027934517,"last_updated_at":"2025-02-08T15:18:54Z"}},"entity":{"data_asset":{"dataset":false,"mime_type":"text/csv"},"location_definition":{"physical_location_code":"FRA","physical_location_code_assigned_by":"IBMid-694000QBBC","physical_location_code_rds_id":"c57cb90f-2126-3800-9c9f-9eab82021cdf","physical_location_code_rds_version":"00002025-0208-4151-8135-863579000000_4","physical_location_code_assignment_method":"INFERRED","physical_location_code_added_on":"1739027934510"}},"attachments":[{"id":"3f7436e5-1152-4464-9abe-d28b84153722","version":2,"asset_type":"data_asset","name":"DATA_Barcelona_Fotocasa_HousingPrices_Augmented_CLEANED.csv","mime":"text/csv","datasource_type":"193a97c1-4475-4a19-b90c-295c4fdc6517","object_key":"DATA_Barcelona_Fotocasa_HousingPrices_Augmented_CLEANED.csv","creator_id":"IBMid-694000QBBC","create_time":1739027934514,"size":679632,"is_remote":false,"is_managed":false,"is_referenced":true,"is_object_key_read_only":true,"is_user_provided_path_key":true,"transfer_complete":true,"is_partitioned":false,"complete_time_ticks":1739027934514,"user_data":{},"test_doc":0,"handle":{"bucket":"recintodeseguridaddejavier-donotdelete-pr-ib8zgao36ougx5","location":"eu-de","type":"bluemix_cos","key":"DATA_Barcelona_Fotocasa_HousingPrices_Augmented_CLEANED.csv","upload_id":"done","max_part_num":1},"usage":{"access_count":0,"last_accessor_id":"IBMid-694000QBBC","last_access_time":1739027934514}}]}
