{"metadata":{"asset_id":"ea021672-8693-4313-a0f5-fe1b9bdb2865","asset_attributes":["environment"],"name":"autoai-runtime-24.1-py3.11-S","asset_type":"environment","created_at":"2025-02-08T15:39:06Z","origin_country":"us","owner_id":"IBMid-694000QBBC","project_id":"562facb6-fac5-4a1e-bfc6-b998710caca8","sandbox_id":"562facb6-fac5-4a1e-bfc6-b998710caca8","size":0,"tags":["dsx"],"usage":{"last_update_time":1739029146929,"last_updated_at":"2025-02-08T15:39:06Z"}},"entity":{"environment":{"sub_type":"notebook","display_name":"Runtime 24.1 en Python 3.11 AutoAI-S","hardware_specification":{"type":"referenced","guid":"e7ed1d6c-2e89-42d7-aed5-863b972c1d2b"},"software_specification":{"type":"referenced","guid":"45f12dfe-aa78-5b8d-9f38-0ee223c47309"},"tools_specification":{"supported_kernels":[{"name":"python3","display_name":"Python 3.11","language":"python","version":"3.11"}],"notebook_extensions":[]}}}}
