{"metadata":{"asset_id":"fa01d846-8c32-4ee1-a6e1-e864808fde72","asset_attributes":["notebook","location_definition"],"name":"Datos de viviendas en alquiler en la ciudad de Barcelona","asset_type":"notebook","created_at":"2025-02-08T15:39:07Z","description":"","origin_country":"us","owner_id":"IBMid-694000QBBC","project_id":"562facb6-fac5-4a1e-bfc6-b998710caca8","size":34087,"tags":["notebook"],"usage":{"last_update_time":1739029148271,"last_updated_at":"2025-02-08T15:39:08Z"}},"entity":{"notebook":{"kernel":{"display_name":"Python 3.11","name":"python3","language":"python"},"originates_from":{"type":"file"},"runtime":{"environment":"ea021672-8693-4313-a0f5-fe1b9bdb2865"}},"location_definition":{"physical_location_code":"FRA","physical_location_code_assigned_by":"IBMid-694000QBBC","physical_location_code_rds_id":"c57cb90f-2126-3800-9c9f-9eab82021cdf","physical_location_code_rds_version":"00002025-0208-4151-8135-863579000000_4","physical_location_code_assignment_method":"INFERRED","physical_location_code_added_on":"1739029148269"}},"attachments":[{"id":"b386de98-2592-42b8-8e9c-f998fd5ea41a","version":2,"asset_type":"notebook","name":"attachment for notebook fa01d846-8c32-4ee1-a6e1-e864808fde72","description":"attachment for notebook fa01d846-8c32-4ee1-a6e1-e864808fde72","mime":"application/json","datasource_type":"193a97c1-4475-4a19-b90c-295c4fdc6517","object_key":"notebook/autoai_notebook_a650e92a-de0d-4159-bcca-1243e5c40511_experiment_1739029147087.ipynb","creator_id":"IBMid-694000QBBC","create_time":1739029148271,"size":34087,"is_remote":false,"is_managed":false,"is_referenced":true,"is_object_key_read_only":false,"is_user_provided_path_key":true,"transfer_complete":true,"is_partitioned":false,"complete_time_ticks":1739029148271,"user_data":{},"test_doc":0,"handle":{"bucket":"recintodeseguridaddejavier-donotdelete-pr-ib8zgao36ougx5","location":"eu-de","type":"bluemix_cos","key":"notebook/autoai_notebook_a650e92a-de0d-4159-bcca-1243e5c40511_experiment_1739029147087.ipynb","upload_id":"done","max_part_num":1},"usage":{"access_count":0,"last_accessor_id":"IBMid-694000QBBC","last_access_time":1739029148271}}]}
