{"metadata":{"asset_id":"f1c6c667-f626-4bef-8e7d-dc8a2518058f","asset_attributes":["wml_pipeline"],"name":"Datos de viviendas en alquiler en la ciudad de Barcelona","asset_type":"wml_pipeline","created_at":"2025-02-08T15:24:34Z","description":"Lista de viviendas en alquiler en la ciudad de Barcelona que contiene valores de  superficie, numero de habitaciones y baños, precio metro cuadrado alquiler entre otros datos.","origin_country":"us","owner_id":"IBMid-694000QBBC","project_id":"562facb6-fac5-4a1e-bfc6-b998710caca8","sandbox_id":"562facb6-fac5-4a1e-bfc6-b998710caca8","size":0,"tags":["dsx-project.562facb6-fac5-4a1e-bfc6-b998710caca8"],"usage":{"last_update_time":1739028274150,"last_updated_at":"2025-02-08T15:24:34Z"}},"entity":{"wml_pipeline":{"document":{"doc_type":"pipeline","pipelines":[{"id":"autoai","nodes":[{"id":"automl","op":"kube","parameters":{"output_logs":true,"input_file_separator":",","stage_flag":true,"optimization":{"compute_pipeline_notebooks_flag":true,"cv_num_folds":3,"daub_adaptive_subsampling_max_mem_usage":15000000000,"daub_include_only_estimators":["RandomForestRegressorEstimator","DecisionTreeRegressorEstimator","RidgeEstimator","ExtraTreesRegressorEstimator","LinearRegressionEstimator","XGBRegressorEstimator","LGBMRegressorEstimator","SnapDecisionTreeRegressorEstimator","SnapRandomForestRegressorEstimator","SnapBoostingMachineRegressorEstimator","GradientBoostingRegressorEstimator"],"feature_selector_mode":"auto","global_stage_include_batched_ensemble_estimators":[],"holdout_param":0.1,"label":"price","learning_type":"regression","max_num_daub_ensembles":2,"run_cognito_flag":true,"scorer_for_ranking":"neg_root_mean_squared_error"},"n_parallel_data_connections":4,"one_vs_all_file":true},"runtime_ref":"autoai","type":"execution_node"}],"runtime_ref":"hybrid"}],"primary_pipeline":"autoai","runtimes":[{"app_data":{"wml_data":{"hardware_spec":{"base_id":"a6c4923b-b8e4-444c-9f43-8a7ec3020110","name":"L"}}},"id":"autoai","name":"auto_ai.kb"}],"version":"2.0"},"ml_version":"4.0.5"}}}
