{"metadata":{"asset_id":"c990f1ad-e74d-49bc-918a-f4923dd35427","asset_attributes":["wml_model","location_definition","modelfacts_system","modelfacts_user"],"name":"Datos de viviendas en alquiler en la ciudad de Barcelona - P4 Regresor XGB - Modelo","asset_type":"wml_model","created_at":"2025-02-08T15:42:18Z","origin_country":"us","owner_id":"IBMid-694000QBBC","project_id":"562facb6-fac5-4a1e-bfc6-b998710caca8","resource_key":"914cb06e-c54d-44f0-825b-79f6e2e7b99a","sandbox_id":"562facb6-fac5-4a1e-bfc6-b998710caca8","size":220812,"tags":[],"usage":{"last_update_time":1739029349208,"last_updated_at":"2025-02-08T15:42:29Z"}},"entity":{"wml_model":{"data_asset_dependencies":["8dcfea91-e929-4dd0-91d0-6f72508c8128"],"hybrid_pipeline_software_specs":[{"base_id":"82f1bc6d-59c3-55e8-b612-cd908a2f7cc7","name":"autoai-kb_rt24.1-py3.11"}],"data_preprocessing":[{"input":{"columns":9},"output":{"columns":9,"rows":15257},"props":{"type":"random"},"stage":"sampling"},{"input":{"columns":9,"rows":15257},"output":{"columns":9,"rows":14203},"props":{"duplicated_rows_count":16,"outliers_count":1038},"stage":"cleansing"}],"label_column":"price","pipeline":{"id":"f1c6c667-f626-4bef-8e7d-dc8a2518058f"},"training_id":"c75edca6-9375-4518-ba60-bec81ceab5df","metrics":[{"context":{"classes":[],"features_importance":[{"computation_type":"","features":{"NewFeature_1_pca_1":0.0044,"square_meters_price":0.0089,"NewFeature_4_product(square_meters__pca_1)":0.0071,"square_meters":0.0106,"rooms":0.0072,"NewFeature_0_pca_0":0.0102,"NewFeature_6_product(square_meters_price__pca_1)":0.0045,"NewFeature_7_product(pca_0__pca_1)":0.0109,"NewFeature_5_product(square_meters_price__pca_0)":0.0045,"lift":0.0037,"housing type":0.0059,"NewFeature_2_product(square_meters__square_meters_price)":0.8966,"neighborhood":0.0051,"bathroom":0.0102,"NewFeature_3_product(square_meters__pca_0)":0.0045,"terrace":0.006},"min_max_normalization":false,"stage":"Mean"}],"intermediate_model":{"composition_steps":["Split_TrainingHoldout","TrainingDataset_full_12782_8","Datetime_FE","TrainingDataset_full_12782_8","Preprocessor_default","DAUB","hpo_d","cognito","hpo_c"],"duration":84229,"location":{"model":"auto_ml/a650e92a-de0d-4159-bcca-1243e5c40511/wml_data/c75edca6-9375-4518-ba60-bec81ceab5df/data/automl/hpo_c_output/Pipeline1/model.pickle","pipeline":"auto_ml/a650e92a-de0d-4159-bcca-1243e5c40511/wml_data/c75edca6-9375-4518-ba60-bec81ceab5df/data/automl/hpo_c_output/Pipeline1/pipeline.json","pipeline_model":"auto_ml/a650e92a-de0d-4159-bcca-1243e5c40511/wml_data/c75edca6-9375-4518-ba60-bec81ceab5df/data/automl/hpo_c_output/Pipeline1/pipeline-model.json"},"name":"P4","notebook_location":"auto_ml/a650e92a-de0d-4159-bcca-1243e5c40511/wml_data/c75edca6-9375-4518-ba60-bec81ceab5df/data/automl/hpo_c_output/Pipeline1/notebook.ipynb","pipeline_nodes":["PreprocessingTransformer","autoai_libs.cognito.transforms.transform_utils.TAM","autoai_libs.cognito.transforms.transform_utils.FS1","autoai_libs.cognito.transforms.transform_utils.TA2","autoai_libs.cognito.transforms.transform_utils.FS1","XGBRegressor"],"process":"hpo_c_output","schema_location":"auto_ml/a650e92a-de0d-4159-bcca-1243e5c40511/wml_data/c75edca6-9375-4518-ba60-bec81ceab5df/data/automl/hpo_c_output/Pipeline1/schema.json"},"phase":"hpo_c_output","prediction_type":"regression","target_column":"price"},"ml_metrics":{"holdout_explained_variance":0.9452075362205505,"training_neg_mean_squared_log_error":-0.00847675216694673,"holdout_neg_median_absolute_error":-30.7470703125,"holdout_neg_root_mean_squared_log_error":-0.08699418511000614,"holdout_neg_mean_squared_error":-42278.484375,"training_explained_variance":0.9610305229822794,"training_r2":0.9610103570284508,"training_neg_median_absolute_error":-35.793487548828125,"training_neg_mean_squared_error":-33135.571614583336,"training_neg_root_mean_squared_error":-181.5372375528993,"holdout_r2":0.9451116248648879,"training_neg_mean_absolute_error":-80.8513921101888,"holdout_neg_root_mean_squared_error":-205.61732508473114,"holdout_neg_mean_absolute_error":-76.95947265625,"holdout_neg_mean_squared_log_error":-0.007567988242954016,"training_neg_root_mean_squared_log_error":-0.09205379337781118},"timestamp":"2025-02-08T15:28:46.000Z"}],"ml_version":"4.0.19","type":"wml-hybrid_0.1","schemas":{"input":[{"fields":[{"name":"rooms","type":"integer"},{"name":"bathroom","type":"integer"},{"name":"square_meters","type":"integer"},{"name":"lift","type":"integer"},{"name":"terrace","type":"integer"},{"name":"neighborhood","type":"other"},{"name":"square_meters_price","type":"double"},{"name":"housing type","type":"other"}],"id":"auto_ai_kb_input_schema"}],"output":[]},"content_location":{"connection":{},"contents":[{"content_format":"pipeline-node","file_name":"P4_automl.zip","location":"auto_ml/a650e92a-de0d-4159-bcca-1243e5c40511/wml_data/c75edca6-9375-4518-ba60-bec81ceab5df/assets/c75edca6-9375-4518-ba60-bec81ceab5df_P4_hpo_c_output/resources/wml_model/P4_automl.zip","pipeline_node_id":"automl"},{"content_format":"native","file_name":"pipeline_model.json","location":"auto_ml/a650e92a-de0d-4159-bcca-1243e5c40511/wml_data/c75edca6-9375-4518-ba60-bec81ceab5df/assets/c75edca6-9375-4518-ba60-bec81ceab5df_P4_hpo_c_output/resources/wml_model/pipeline_model.json"}],"location":{"path":"auto_ml/a650e92a-de0d-4159-bcca-1243e5c40511/wml_data","notebooks_path":"auto_ml/a650e92a-de0d-4159-bcca-1243e5c40511/wml_data/c75edca6-9375-4518-ba60-bec81ceab5df/notebooks","training":"auto_ml/a650e92a-de0d-4159-bcca-1243e5c40511/wml_data/c75edca6-9375-4518-ba60-bec81ceab5df","training_status":"auto_ml/a650e92a-de0d-4159-bcca-1243e5c40511/wml_data/c75edca6-9375-4518-ba60-bec81ceab5df/training-status.json","training_log":"auto_ml/a650e92a-de0d-4159-bcca-1243e5c40511/wml_data/c75edca6-9375-4518-ba60-bec81ceab5df/data/automl/training.log","assets_path":"auto_ml/a650e92a-de0d-4159-bcca-1243e5c40511/wml_data/c75edca6-9375-4518-ba60-bec81ceab5df/assets"},"type":"container"},"training_data_references":[{"connection":{},"id":"DATA_Barcelona_Fotocasa_HousingPrices_Augmented_CLEANED.csv","location":{"href":"/v2/assets/8dcfea91-e929-4dd0-91d0-6f72508c8128?project_id=562facb6-fac5-4a1e-bfc6-b998710caca8","id":"8dcfea91-e929-4dd0-91d0-6f72508c8128","project_id":"562facb6-fac5-4a1e-bfc6-b998710caca8","userfs":"false"},"schema":{"fields":[{"name":"rooms","type":"integer"},{"name":"bathroom","type":"integer"},{"name":"square_meters","type":"integer"},{"name":"lift","type":"integer"},{"name":"terrace","type":"integer"},{"name":"neighborhood","type":"other"},{"name":"square_meters_price","type":"double"},{"name":"housing type","type":"other"},{"name":"price","type":"double"}],"id":"auto_ai_kb_input_schema"},"type":"data_asset"}],"software_spec":{"base_id":"8c1a58c6-62b5-4dc4-987a-df751c2756b6","name":"hybrid_0.1"},"content_import_state":"completed","test_data_references":[]},"modelfacts_system":{"model_information":{"input_type":"","algorithm":"XGBRegressor","prediction_type":"regression","software_spec":"hybrid_0.1","software_spec_id":"8c1a58c6-62b5-4dc4-987a-df751c2756b6"},"training_information":{"training_data_references":[{"training_data":"Training data name not found","training_data_href":"/v2/assets/8dcfea91-e929-4dd0-91d0-6f72508c8128?project_id=562facb6-fac5-4a1e-bfc6-b998710caca8","source_type":"Source type not found","source":"","source_href":"","source_path":"","training_data_exists":false,"source_exists":true,"type":"data_asset"}],"hyper_parameters":"","features":8},"project_details":{"environment_type":"development","is_environmenttype_openscale_value":false,"is_imported_model":false},"model_identity_information":{"model_identity_key":"914cb06e-c54d-44f0-825b-79f6e2e7b99a"},"metrics":[{"ml_metrics":[{"training_value":0.96101034,"id":"r2","name":"R squared","holdout_value":0.94511163},{"training_value":-181.53723,"id":"root_mean_squared_error","name":"Root mean squared error","holdout_value":-205.61732},{"training_value":-0.008476752,"id":"mean_squared_log_error","name":"Mean squared log error","holdout_value":-0.0075679882},{"holdout_value":-30.74707,"id":"median_absolute_error","name":"Median absolute error","training_value":-35.793488},{"holdout_value":-42278.484,"id":"mean_squared_error","name":"Mean squared error","training_value":-33135.57},{"holdout_value":-0.086994186,"id":"root_mean_squared_log_error","name":"Root mean squared log error","training_value":-0.09205379},{"holdout_value":0.94520754,"id":"explained_variance","name":"Explained variance","training_value":0.96103054},{"training_value":-80.851395,"id":"mean_absolute_error","name":"Mean absolute error","holdout_value":-76.95947}],"timestamp":"2025-02-08T15:28:46.000Z"}]},"modelfacts_user":{}},"attachments":[{"id":"1c3283a8-4a9b-4dce-87cc-09c0b67e8c8e","version":2,"asset_type":"wml_model","name":"P4_automl.zip","datasource_type":"193a97c1-4475-4a19-b90c-295c4fdc6517","creator_id":"IBMid-694000QBBC","create_time":1739029339255,"size":218521,"is_remote":false,"is_managed":true,"is_referenced":false,"is_object_key_read_only":false,"is_user_provided_path_key":false,"transfer_complete":true,"is_partitioned":false,"complete_time_ticks":1739029346156,"user_data":{"content_format":"pipeline-node","pipeline_node_id":"automl"},"test_doc":0,"handle":{"bucket":"recintodeseguridaddejavier-donotdelete-pr-ib8zgao36ougx5","location":"eu-de","type":"bluemix_cos","key":"acaf5e50-e5a9-4877-9eb6-3b5cbe05020b/c990f1ad-e74d-49bc-918a-f4923dd35427/1c3283a8-4a9b-4dce-87cc-09c0b67e8c8e","upload_id":"done","max_part_num":1},"usage":{"access_count":1,"last_accessor_id":"IBMid-694000QBBC","last_access_time":1739029346156,"last_updater_id":"IBMid-694000QBBC","last_update_time":1739029346156}},{"id":"2bba403f-7eeb-46f1-bcc8-2e15e52cd0b3","version":2,"asset_type":"wml_model","name":"pipeline_model.json","datasource_type":"193a97c1-4475-4a19-b90c-295c4fdc6517","creator_id":"IBMid-694000QBBC","create_time":1739029339360,"size":2291,"is_remote":false,"is_managed":true,"is_referenced":false,"is_object_key_read_only":false,"is_user_provided_path_key":false,"transfer_complete":true,"is_partitioned":false,"complete_time_ticks":1739029346596,"user_data":{"content_format":"native"},"test_doc":0,"handle":{"bucket":"recintodeseguridaddejavier-donotdelete-pr-ib8zgao36ougx5","location":"eu-de","type":"bluemix_cos","key":"acaf5e50-e5a9-4877-9eb6-3b5cbe05020b/c990f1ad-e74d-49bc-918a-f4923dd35427/2bba403f-7eeb-46f1-bcc8-2e15e52cd0b3","upload_id":"done","max_part_num":1},"usage":{"access_count":1,"last_accessor_id":"IBMid-694000QBBC","last_access_time":1739029346596,"last_updater_id":"IBMid-694000QBBC","last_update_time":1739029346596}}]}
